FirstName,LastName,Email,SourceId
آوین,علیزاده,awyn.aalyzdh@example.com,1
Walter,Eriksrud,walter.eriksrud@example.com,1
Iskander,Noordam,iskander.noordam@example.com,1
Alison,Russell,alison.russell@example.com,1
Judith,Richard,judith.richard@example.com,1
Basile,Girard,basile.girard@example.com,1
Kimi,Doerga,kimi.doerga@example.com,1
Amelia,Macdonald,amelia.macdonald@example.com,1
Catherine,Terry,catherine.terry@example.com,1
Mallika,Rajesh,mallika.rajesh@example.com,1
Heather,Franklin,heather.franklin@example.com,1
Katie,Nelson,katie.nelson@example.com,1
Biljana,Lazović,biljana.lazovic@example.com,1
Annie,Rüdiger,annie.rudiger@example.com,1
Felinta,Lima,felinta.lima@example.com,1
Carmelo,Treviño,carmelo.trevino@example.com,1
Theresia,Caron,theresia.caron@example.com,1
Michaela,Fleischhauer,michaela.fleischhauer@example.com,1
Lily,Lecomte,lily.lecomte@example.com,1
زهرا,یاسمی,zhr.ysmy@example.com,1
Timmothy,Simmmons,timmothy.simmmons@example.com,1
Artemiza,Vovkodav,artemiza.vovkodav@example.com,1
Lucas,Cooper,lucas.cooper@example.com,1
Sara,Urbina,sara.urbina@example.com,1
Micheal,Martin,micheal.martin@example.com,1
Babür,Dağdaş,babur.dagdas@example.com,1
Clara,Mellem,clara.mellem@example.com,1
Léandro,Rey,leandro.rey@example.com,1
Olivier,Hjørnevik,olivier.hjornevik@example.com,1
Gökhan,Çevik,gokhan.cevik@example.com,1
Jeannine,Brettschneider,jeannine.brettschneider@example.com,1
Esma,Kunt,esma.kunt@example.com,1
Dragojlo,Aleksić,dragojlo.aleksic@example.com,1
Leah,Henry,leah.henry@example.com,1
Nikolaj,Christensen,nikolaj.christensen@example.com,1
Marilyn,Reyes,marilyn.reyes@example.com,1
Ružica,Ivanović,ruzica.ivanovic@example.com,1
Zoe,Boyd,zoe.boyd@example.com,1
Ofelia,Quiñones,ofelia.quinones@example.com,1
Cristina,Santana,cristina.santana@example.com,1
Rocío,Ramírez,rocio.ramirez@example.com,1
Kasper,Jørgensen,kasper.jorgensen@example.com,1
Beatriz,Herrero,beatriz.herrero@example.com,1
Ege,Çevik,ege.cevik@example.com,1
Vedant,Thampy,vedant.thampy@example.com,1
Mario,Medina,mario.medina@example.com,1
Ansh,Gatty,ansh.gatty@example.com,1
Chiara,Brun,chiara.brun@example.com,1
Zhadan,Tatarchuk,zhadan.tatarchuk@example.com,1
Latife,Kulaksızoğlu,latife.kulaksizoglu@example.com,1
Ingra,Cavalcanti,ingra.cavalcanti@example.com,1
Rachel,Larson,rachel.larson@example.com,1
Braxton,Edwards,braxton.edwards@example.com,1
Borja,Santos,borja.santos@example.com,1
Gerald,Fernandez,gerald.fernandez@example.com,1
Jerónimo,Báez,jeronimo.baez@example.com,1
Akseli,Hannula,akseli.hannula@example.com,1
Fabian,Askim,fabian.askim@example.com,1
Alexis,Peck,alexis.peck@example.com,1
Ewen,Hubert,ewen.hubert@example.com,1
Madison,Wright,madison.wright@example.com,1
Gonca,Ertürk,gonca.erturk@example.com,1
Evelise,da Costa,evelise.dacosta@example.com,1
Wiltrud,Pongratz,wiltrud.pongratz@example.com,1
Avery,Singh,avery.singh@example.com,1
Agafonika,Kurchenko,agafonika.kurchenko@example.com,1
Jannik,Cornelis,jannik.cornelis@example.com,1
Manuela,Reyes,manuela.reyes@example.com,1
Pius,Meyer,pius.meyer@example.com,1
Leonard,Fournier,leonard.fournier@example.com,1
Tamara,Walker,tamara.walker@example.com,1
Badia,Schilders,badia.schilders@example.com,1
Sudha,Kavser,sudha.kavser@example.com,1
سارینا,صدر,sryn.sdr@example.com,1
Biloslav,Timchak,biloslav.timchak@example.com,1
Svetozar,Perišić,svetozar.perisic@example.com,1
Ahmet,Erkekli,ahmet.erkekli@example.com,1
Irfan,Peerboom,irfan.peerboom@example.com,1
June,Magnusson,june.magnusson@example.com,1
Emma,Rasmussen,emma.rasmussen@example.com,1
Ismail,Giraud,ismail.giraud@example.com,1
Ethan,Roy,ethan.roy@example.com,1
Ezra,Hall,ezra.hall@example.com,1
Orlando,Trujillo,orlando.trujillo@example.com,1
Dienke,Van Leenen,dienke.vanleenen@example.com,1
Matias,Dybvik,matias.dybvik@example.com,1
Inmaculada,Garrido,inmaculada.garrido@example.com,1
Vlatka,Majstorović,vlatka.majstorovic@example.com,1
Väinö,Ranta,vaino.ranta@example.com,1
پریا,محمدخان,pry.mhmdkhn@example.com,1
Violet,Nguyen,violet.nguyen@example.com,1
Adán,Riojas,adan.riojas@example.com,1
Karla,Jensen,karla.jensen@example.com,1
Davut,Balcı,davut.balci@example.com,1
Ümit,Evliyaoğlu,umit.evliyaoglu@example.com,1
Marion,Wallace,marion.wallace@example.com,1
Daniel,Mortensen,daniel.mortensen@example.com,1
Vladislav,Orlić,vladislav.orlic@example.com,1
Liana,Lyssand,liana.lyssand@example.com,1
Sander,Larsen,sander.larsen@example.com,1
Jeremy,Muller,jeremy.muller@example.com,1
Maanas,Bhardwaj,maanas.bhardwaj@example.com,1
Bachittar,Bhoja,bachittar.bhoja@example.com,1
Filomena,Lacroix,filomena.lacroix@example.com,1
Judy,Campbell,judy.campbell@example.com,1
Brankica,Ivanović,brankica.ivanovic@example.com,1
Johanna,Aakvik,johanna.aakvik@example.com,1
Raffaele,Lacroix,raffaele.lacroix@example.com,1
Eevi,Aro,eevi.aro@example.com,1
Jackson,Mills,jackson.mills@example.com,1
Victoria,Hopkins,victoria.hopkins@example.com,1
Janne,Noordeloos,janne.noordeloos@example.com,1
Rose,Ginnish,rose.ginnish@example.com,1
Deeksha,Namnaik,deeksha.namnaik@example.com,1
Matthieu,Rey,matthieu.rey@example.com,1
Kinga,Hesse,kinga.hesse@example.com,1
Adriana,Muñoz,adriana.munoz@example.com,1
Maiara,Campos,maiara.campos@example.com,1
باران,کریمی,brn.khrymy@example.com,1
Leo,Tremblay,leo.tremblay@example.com,1
Ariane,Harris,ariane.harris@example.com,1
Servando,Caraballo,servando.caraballo@example.com,1
Nicolai,Ressem,nicolai.ressem@example.com,1
Edward,Edwards,edward.edwards@example.com,1
Tidemann,Fadnes,tidemann.fadnes@example.com,1
Katherine,Matthews,katherine.matthews@example.com,1
Deepika,Prabhu,deepika.prabhu@example.com,1
Malik,Chow,malik.chow@example.com,1
Raquel,Pascual,raquel.pascual@example.com,1
Vladimir,Wunderlich,vladimir.wunderlich@example.com,1
Mirko,Radović,mirko.radovic@example.com,1
Signe,Hansen,signe.hansen@example.com,1
امیر,مرادی,myr.mrdy@example.com,1
Lilja,Saari,lilja.saari@example.com,1
Eden,Carpentier,eden.carpentier@example.com,1
Nimit,Belligatti,nimit.belligatti@example.com,1
Siiri,Mattila,siiri.mattila@example.com,1
Brankica,Katanić,brankica.katanic@example.com,1
Zoreslav,Levkivski,zoreslav.levkivski@example.com,1
Bonny,Van der Baan,bonny.vanderbaan@example.com,1
Johannes,Langeland,johannes.langeland@example.com,1
Juliette,Gauthier,juliette.gauthier@example.com,1
Sofiya,Ilyashenko,sofiya.ilyashenko@example.com,1
Ronald,Steward,ronald.steward@example.com,1
Catalina,Cano,catalina.cano@example.com,1
Hilla,Mantyla,hilla.mantyla@example.com,1
Silvija,Kovač,silvija.kovac@example.com,1
تارا,محمدخان,tr.mhmdkhn@example.com,1
Irene,Steine,irene.steine@example.com,1
Antonino,Louis,antonino.louis@example.com,1
Lyuboslav,Pidgayniy,lyuboslav.pidgayniy@example.com,1
Ethan,Clark,ethan.clark@example.com,1
Agnes,Arnaud,agnes.arnaud@example.com,1
Jared,Richards,jared.richards@example.com,1
Bastian,Strømstad,bastian.stromstad@example.com,1
Yartur,Stoyanovskiy,yartur.stoyanovskiy@example.com,1
Tanasko,Kovač,tanasko.kovac@example.com,1
Visheslav,Semenenko,visheslav.semenenko@example.com,1
Sofia,Laurila,sofia.laurila@example.com,1
Lucas,Caballero,lucas.caballero@example.com,1
Josefina,Bravo,josefina.bravo@example.com,1
Hansjürgen,Krull,hansjurgen.krull@example.com,1
باران,کوتی,brn.khwty@example.com,1
Christian,Rojas,christian.rojas@example.com,1
Sanjana,Daniels,sanjana.daniels@example.com,1
Fanny,Garnier,fanny.garnier@example.com,1
Tuva,Lysgård,tuva.lysgard@example.com,1
Amir,Weij,amir.weij@example.com,1
Us,Musiienko,us.musiienko@example.com,1
Pauline,Theisen,pauline.theisen@example.com,1
عباس,صدر,aabs.sdr@example.com,1
Çetin,Solmaz,cetin.solmaz@example.com,1
Nalan,Ekşioğlu,nalan.eksioglu@example.com,1
Noélie,Giraud,noelie.giraud@example.com,1
Charlotte,Harcourt,charlotte.harcourt@example.com,1
Sedef,Küçükler,sedef.kucukler@example.com,1
Alvin,Barnes,alvin.barnes@example.com,1
سهیل,پارسا,shyl.prs@example.com,1
Giny,Smout,giny.smout@example.com,1
Sander,Johansen,sander.johansen@example.com,1
Aziz,Nieskens,aziz.nieskens@example.com,1
Sylvia,Flores,sylvia.flores@example.com,1
Kaća,Danilović,kaca.danilovic@example.com,1
Kitty,Mendoza,kitty.mendoza@example.com,1
Freddie,Elliott,freddie.elliott@example.com,1
Faust,Shepotko,faust.shepotko@example.com,1
Nayana,Dhamdhame,nayana.dhamdhame@example.com,1
Ewen,Richard,ewen.richard@example.com,1
Chloé,Lucas,chloe.lucas@example.com,1
سینا,صدر,syn.sdr@example.com,1
Samuel,Clarke,samuel.clarke@example.com,1
Charlotte,Vasquez,charlotte.vasquez@example.com,1
Avery,Hart,avery.hart@example.com,1
Egbertje,Lenting,egbertje.lenting@example.com,1
Quentin,Vidal,quentin.vidal@example.com,1
Nikolas,Seelig,nikolas.seelig@example.com,1
Storm,Johansen,storm.johansen@example.com,1
Camilo,Ocampo,camilo.ocampo@example.com,1
Yasemin,Taşçı,yasemin.tasci@example.com,1
پرنیا,قاسمی,prny.qsmy@example.com,1
Gagan,Mugeraya,gagan.mugeraya@example.com,1
Joseph,Steward,joseph.steward@example.com,1
Meral,Özdenak,meral.ozdenak@example.com,1
Tammy,Caldwell,tammy.caldwell@example.com,1
Fiete,Zühlke,fiete.zuhlke@example.com,1
Erik,Lowe,erik.lowe@example.com,1
Jar,Webb,jar.webb@example.com,1
Milja,Tuomi,milja.tuomi@example.com,1
Rachel,Gaillard,rachel.gaillard@example.com,1
Amir,Brock,amir.brock@example.com,1
Lilja,Ollila,lilja.ollila@example.com,1
Iiris,Pulli,iiris.pulli@example.com,1
Karmen,Van Neerbos,karmen.vanneerbos@example.com,1
Richard,Engelhard,richard.engelhard@example.com,1
Sigrun,Skinstad,sigrun.skinstad@example.com,1
Grace,Robinson,grace.robinson@example.com,1
Arnold,Murphy,arnold.murphy@example.com,1
Åsmund,Lærum,asmund.laerum@example.com,1
Oya,Kumcuoğlu,oya.kumcuoglu@example.com,1
Hanife,Fritzsch,hanife.fritzsch@example.com,1
David,Zhmurko,david.zhmurko@example.com,1
Andrej,Denis,andrej.denis@example.com,1
Sølve,Laland,solve.laland@example.com,1
Julia,Adams,julia.adams@example.com,1
Monica,Ramos,monica.ramos@example.com,1
Jorge Luis,Valverde,jorgeluis.valverde@example.com,1
Purificación,Diaz,purificacion.diaz@example.com,1
Villemo,Grønlie,villemo.gronlie@example.com,1
Frederik,Thomsen,frederik.thomsen@example.com,1
Lucas,Barnaby,lucas.barnaby@example.com,1
Jerrold,Beijk,jerrold.beijk@example.com,1
Cecilie,Jensen,cecilie.jensen@example.com,1
Wafa,Warnaar,wafa.warnaar@example.com,1
Sandra,Marie,sandra.marie@example.com,1
Vickie,Rogers,vickie.rogers@example.com,1
Helena,Arntsen,helena.arntsen@example.com,1
Jimmy,Miles,jimmy.miles@example.com,1
Hjalmar,Drage,hjalmar.drage@example.com,1
Shelly,Grant,shelly.grant@example.com,1
Priyanka,Shayana,priyanka.shayana@example.com,1
Juliette,Joly,juliette.joly@example.com,1
Borja,Garrido,borja.garrido@example.com,1
Vivan,Black,vivan.black@example.com,1
Mya,Durand,mya.durand@example.com,1
Lauri,Tanner,lauri.tanner@example.com,1
Laurine,Andre,laurine.andre@example.com,1
Leonara,de Souza,leonara.desouza@example.com,1
Robert,Runge,robert.runge@example.com,1
Oona,Rantala,oona.rantala@example.com,1
Even,Fagerland,even.fagerland@example.com,1
Mustafa,Ozansoy,mustafa.ozansoy@example.com,1
Shawn,Rivera,shawn.rivera@example.com,1
Balvan,Rajesh,balvan.rajesh@example.com,1
Sky,Boerma,sky.boerma@example.com,1
Sophia,Girard,sophia.girard@example.com,1
Verónica,Blanco,veronica.blanco@example.com,1
Zeferino,Roque,zeferino.roque@example.com,1
Estelle,Nicolas,estelle.nicolas@example.com,1
Francisca,Andre,francisca.andre@example.com,1
Olivia,Hughes,olivia.hughes@example.com,1
Efe,Yılmazer,efe.yilmazer@example.com,1
Katherine,White,katherine.white@example.com,1
Sofia,Wuollet,sofia.wuollet@example.com,1
Runa,Vegsund,runa.vegsund@example.com,1
Marie,Sørensen,marie.sorensen@example.com,1
Roy,Davis,roy.davis@example.com,1
Jane,Pierre,jane.pierre@example.com,1
Kenzo,Rousseau,kenzo.rousseau@example.com,1
Kristin,Price,kristin.price@example.com,1
Leora,Dillen,leora.dillen@example.com,1
Lila,Schmitt,lila.schmitt@example.com,1
Olivia,Justi,olivia.justi@example.com,1
Megan,Denys,megan.denys@example.com,1
Pozvizda,Duboviy,pozvizda.duboviy@example.com,1
Anisa,Skogen,anisa.skogen@example.com,1
Elizabeth,Cunningham,elizabeth.cunningham@example.com,1
Najat,Ottenhoff,najat.ottenhoff@example.com,1
Hildegunde,Kaul,hildegunde.kaul@example.com,1
William,Johansen,william.johansen@example.com,1
David,Jean-Baptiste,david.jean-baptiste@example.com,1
Thomas,Williams,thomas.williams@example.com,1
Peer,Kleinert,peer.kleinert@example.com,1
Frauke,Reder,frauke.reder@example.com,1
Emilie,Madsen,emilie.madsen@example.com,1
Addison,Smith,addison.smith@example.com,1
Juan,Moreno,juan.moreno@example.com,1
Enni,Tuomi,enni.tuomi@example.com,1
Önal,Sinanoğlu,onal.sinanoglu@example.com,1
Matilda,Rantala,matilda.rantala@example.com,1
Randi,Refvik,randi.refvik@example.com,1
Eva,Walker,eva.walker@example.com,1
Sergio,Shelton,sergio.shelton@example.com,1
Mihaylina,Titarchuk,mihaylina.titarchuk@example.com,1
Aya,Brandvik,aya.brandvik@example.com,1
Isabella,Madsen,isabella.madsen@example.com,1
Inmaculada,García,inmaculada.garcia@example.com,1
Obrad,Paunović,obrad.paunovic@example.com,1
Juho,Hatala,juho.hatala@example.com,1
Todd,Mason,todd.mason@example.com,1
Benito,Rodríguez,benito.rodriguez@example.com,1
پرهام,سهيلي راد,prhm.shylyrd@example.com,1
Milton,Diaz,milton.diaz@example.com,1
Astri,Poulsen,astri.poulsen@example.com,1
Onni,Pulkkinen,onni.pulkkinen@example.com,1
Aaron,Teichert,aaron.teichert@example.com,1
Zoe,Baker,zoe.baker@example.com,1
Méline,Charles,meline.charles@example.com,1
Clyde,Baker,clyde.baker@example.com,1
Aashish,Sheikh,aashish.sheikh@example.com,1
Silvano,Concepción,silvano.concepcion@example.com,1
Heiderose,Raschke,heiderose.raschke@example.com,1
Sofia,Wood,sofia.wood@example.com,1
Staniša,Preković,stanisa.prekovic@example.com,1
Ragnar,Høie,ragnar.hoie@example.com,1
محمدپارسا,نجاتی,mhmdprs.njty@example.com,1
Gwenda,Rozeboom,gwenda.rozeboom@example.com,1
Evan,Jacobs,evan.jacobs@example.com,1
Siloslav,Tershakovec,siloslav.tershakovec@example.com,1
Laura,Farragher,laura.farragher@example.com,1
Hermelinda,Henríquez,hermelinda.henriquez@example.com,1
Niels,Hagel,niels.hagel@example.com,1
Minttu,Wirta,minttu.wirta@example.com,1
Maddison,Silva,maddison.silva@example.com,1
Gary,Wheeler,gary.wheeler@example.com,1
نيما,رضایی,nym.rdyy@example.com,1
Flavio,Pierre,flavio.pierre@example.com,1
Eli,Thompson,eli.thompson@example.com,1
Osmomisl,Konik,osmomisl.konik@example.com,1
Cleópatra,Cardoso,cleopatra.cardoso@example.com,1
Irene,Vidal,irene.vidal@example.com,1
Akshita,Vernekar,akshita.vernekar@example.com,1
Srđan,Zdravković,srdan.zdravkovic@example.com,1
Ilona,Gaillard,ilona.gaillard@example.com,1
Onur,Özgörkey,onur.ozgorkey@example.com,1
Gabrielle,Campbell,gabrielle.campbell@example.com,1
Petra,Simon,petra.simon@example.com,1
Dalemil,Bordulyak,dalemil.bordulyak@example.com,1
Sarah,Meehan,sarah.meehan@example.com,1
Solange,Barros,solange.barros@example.com,1
Konsta,Lehtonen,konsta.lehtonen@example.com,1
Rakshitha,Kavser,rakshitha.kavser@example.com,1
Svitlogor,Lisyak,svitlogor.lisyak@example.com,1
Ismael,Campos,ismael.campos@example.com,1
Oskar,Stolk,oskar.stolk@example.com,1
Hudson,Roberts,hudson.roberts@example.com,1
Renato,Archuleta,renato.archuleta@example.com,1
Zoe,Peterson,zoe.peterson@example.com,1
پرهام,یاسمی,prhm.ysmy@example.com,1
Ricardo,Duval,ricardo.duval@example.com,1
Pieta,Hoogvliet,pieta.hoogvliet@example.com,1
Pinja,Saksa,pinja.saksa@example.com,1
Florence,Tremblay,florence.tremblay@example.com,1
Georgije,Živojinović,georgije.zivojinovic@example.com,1
Rognida,Berezhniy,rognida.berezhniy@example.com,1
Cíntio ,Castro,cintio.castro@example.com,1
Tina,Kojić,tina.kojic@example.com,1
June,Østebø,june.ostebo@example.com,1
Kent,Webb,kent.webb@example.com,1
Alfred,Torres,alfred.torres@example.com,1
Charline,Mathieu,charline.mathieu@example.com,1
Gertrud,Michels,gertrud.michels@example.com,1
Thomas,Foster,thomas.foster@example.com,1
Sieglinde,Hellmann,sieglinde.hellmann@example.com,1
Eelis,Pesola,eelis.pesola@example.com,1
Stephanie,Howard,stephanie.howard@example.com,1
Blake,Anderson,blake.anderson@example.com,1
Brandie,Jones,brandie.jones@example.com,1
Viivi,Kurtti,viivi.kurtti@example.com,1
Yolanda,Lambert,yolanda.lambert@example.com,1
Bastien,Petit,bastien.petit@example.com,1
Ravi,Pai,ravi.pai@example.com,1
Julie,Wilson,julie.wilson@example.com,1
ثنا,یاسمی,thn.ysmy@example.com,1
August,Grønnestad,august.gronnestad@example.com,1
Lilly,Taylor,lilly.taylor@example.com,1
Edward,Kelly,edward.kelly@example.com,1
Bogdan,Novak,bogdan.novak@example.com,1
Rusan,Shovkoplyas,rusan.shovkoplyas@example.com,1
Nikolaos,Kersting,nikolaos.kersting@example.com,1
Lester,Stephens,lester.stephens@example.com,1
Nieves,Reyes,nieves.reyes@example.com,1
Vlado,Kraemer,vlado.kraemer@example.com,1
Ceylan,Ilıcalı,ceylan.ilicali@example.com,1
Martin,Bishop,martin.bishop@example.com,1
Olivia,Kari,olivia.kari@example.com,1
Theresa,Carroll,theresa.carroll@example.com,1
Jérôme,Perez,jerome.perez@example.com,1
Doreen,Ronner,doreen.ronner@example.com,1
Aapo,Kivela,aapo.kivela@example.com,1
Dobrovist,Griban,dobrovist.griban@example.com,1
Oscar,Santana,oscar.santana@example.com,1
عرشيا,حیدری,aarshy.hydry@example.com,1
Tâmiris,Pinto,tamiris.pinto@example.com,1
Božo,Španović,bozo.spanovic@example.com,1
Marcela,Téllez,marcela.tellez@example.com,1
Marenne,Messing,marenne.messing@example.com,1
Romena,Yizhakevich,romena.yizhakevich@example.com,1
Rick,Franklin,rick.franklin@example.com,1
Vita,Heskes,vita.heskes@example.com,1
Benjamin,Kumar,benjamin.kumar@example.com,1
Francisca,Vicente,francisca.vicente@example.com,1
بیتا,کامروا,byt.khmrw@example.com,1
Andrés,Rubio,andres.rubio@example.com,1
Finn,Wilson,finn.wilson@example.com,1
یلدا,جعفری,yld.jaafry@example.com,1
John,Willis,john.willis@example.com,1
Jill,Obrien,jill.obrien@example.com,1
Kaitlin,Cole,kaitlin.cole@example.com,1
Riley,Edwards,riley.edwards@example.com,1
Javier,Ureña,javier.urena@example.com,1
Thibault,Perrin,thibault.perrin@example.com,1
Samir,Caron,samir.caron@example.com,1
Tina,Novaes,tina.novaes@example.com,1
Léonie,Meyer,leonie.meyer@example.com,1
Fausta,de Souza,fausta.desouza@example.com,1
محمدعلی,موسوی,mhmdaaly.mwswy@example.com,1
Edward,Gonzalez,edward.gonzalez@example.com,1
Susanne,Harris,susanne.harris@example.com,1
Melike,Okur,melike.okur@example.com,1
Atilla,Lindeboom,atilla.lindeboom@example.com,1
Yasemin,Küchler,yasemin.kuchler@example.com,1
Adnan,Aubert,adnan.aubert@example.com,1
Leonard,Hagberg,leonard.hagberg@example.com,1
Jesús,Méndez,jesus.mendez@example.com,1
رونیکا,سهيلي راد,rwnykh.shylyrd@example.com,1
Radana,Maslyak,radana.maslyak@example.com,1
Veera,Karjala,veera.karjala@example.com,1
Paolo,Gaillard,paolo.gaillard@example.com,1
Tomislav,Orlić,tomislav.orlic@example.com,1
Pablo,Gonzales,pablo.gonzales@example.com,1
Chad,Turner,chad.turner@example.com,1
Franklin,Graham,franklin.graham@example.com,1
Ana,Owens,ana.owens@example.com,1
Jadon,Brandjes,jadon.brandjes@example.com,1
Ava,James,ava.james@example.com,1
Eric,Guajardo,eric.guajardo@example.com,1
Felix,Rasmussen,felix.rasmussen@example.com,1
Joëlle,Laurent,joelle.laurent@example.com,1
Jimmie,Bates,jimmie.bates@example.com,1
Patricio,Vázquez,patricio.vazquez@example.com,1
Gökhan,Öztonga,gokhan.oztonga@example.com,1
Ceyhan,Özbir,ceyhan.ozbir@example.com,1
Ellie,Bailey,ellie.bailey@example.com,1
Adam,Andersen,adam.andersen@example.com,1
Vicente,Cabán,vicente.caban@example.com,1
Venla,Peltonen,venla.peltonen@example.com,1
Ross,Banks,ross.banks@example.com,1
Ahmet,Petit,ahmet.petit@example.com,1
Ava,Stevens,ava.stevens@example.com,1
Valentina,Knoph,valentina.knoph@example.com,1
Macit,Abadan,macit.abadan@example.com,1
Corneel,Thomas,corneel.thomas@example.com,1
Barry,Russell,barry.russell@example.com,1
Tim,Castro,tim.castro@example.com,1
Archie,Anderson,archie.anderson@example.com,1
Lia,Denis,lia.denis@example.com,1
Nicolas,Kristensen,nicolas.kristensen@example.com,1
Biljana,Mišković,biljana.miskovic@example.com,1
Aubree,Martin,aubree.martin@example.com,1
Liva,Pedersen,liva.pedersen@example.com,1
Billie,Hernandez,billie.hernandez@example.com,1
Darío,Fajardo,dario.fajardo@example.com,1
Jesús,Carmona,jesus.carmona@example.com,1
Lia,Nyhuus,lia.nyhuus@example.com,1
Milena,Španović,milena.spanovic@example.com,1
Milan,Schmitt,milan.schmitt@example.com,1
Jayden,Harris,jayden.harris@example.com,1
Mathias,Larsen,mathias.larsen@example.com,1
Malou,Pedersen,malou.pedersen@example.com,1
Mia,Hart,mia.hart@example.com,1
درسا,سهيلي راد,drs.shylyrd@example.com,1
آوین,رضاییان,awyn.rdyyn@example.com,1
Lily,French,lily.french@example.com,1
Harper,Harris,harper.harris@example.com,1
Rosalie,Cremer,rosalie.cremer@example.com,1
Xavier,Ambrose,xavier.ambrose@example.com,1
Holly,Brooks,holly.brooks@example.com,1
Hedda,Ehrlich,hedda.ehrlich@example.com,1
Sara,Cortes,sara.cortes@example.com,1
Mahmoud,Bu,mahmoud.bu@example.com,1
Milena,Lapčević,milena.lapcevic@example.com,1
Nina,Anderson,nina.anderson@example.com,1
William,Douglas,william.douglas@example.com,1
Ana,Herrera,ana.herrera@example.com,1
Luis Miguel,Contreras,luismiguel.contreras@example.com,1
Shady,Huissen,shady.huissen@example.com,1
Irmingard,Wittich,irmingard.wittich@example.com,1
Petar,Jeremić,petar.jeremic@example.com,1
Wulf,Rupp,wulf.rupp@example.com,1
Rava,Yushnevskiy,rava.yushnevskiy@example.com,1
Heiderose,Süß,heiderose.suss@example.com,1
Rubén,Bravo,ruben.bravo@example.com,1
Sophia,Sutton,sophia.sutton@example.com,1
Faust,Minko,faust.minko@example.com,1
John,Lee,john.lee@example.com,1
Omkaar,Saldanha,omkaar.saldanha@example.com,1
Sicco,Hak,sicco.hak@example.com,1
Mahé,Schmitt,mahe.schmitt@example.com,1
Victor,Christiansen,victor.christiansen@example.com,1
Ayşe,Balcı,ayse.balci@example.com,1
Leanne,Graham,Sincere@april.biz,2
Ervin,Howell,Shanna@melissa.tv,2
Clementine,Bauch,Nathan@yesenia.net,2
Patricia,Lebsack,Julianne.OConner@kory.org,2
Chelsey,Dietrich,Lucio_Hettinger@annie.ca,2
Mrs.,Dennis Schulist,Karley_Dach@jasper.info,2
Kurtis,Weissnat,Telly.Hoeger@billy.biz,2
Nicholas,Runolfsdottir V,Sherwood@rosamond.me,2
Glenna,Reichert,Chaim_McDermott@dana.io,2
Clementina,DuBuque,Rey.Padberg@karina.biz,2
George,Bluth,george.bluth@reqres.in,3
Janet,Weaver,janet.weaver@reqres.in,3
Emma,Wong,emma.wong@reqres.in,3
Eve,Holt,eve.holt@reqres.in,3
Charles,Morris,charles.morris@reqres.in,3
Tracey,Ramos,tracey.ramos@reqres.in,3
Terry,Medhurst,atuny0@sohu.com,4
Sheldon,Quigley,hbingley1@plala.or.jp,4
Terrill,Hills,rshawe2@51.la,4
Miles,Cummerata,yraigatt3@nature.com,4
Mavis,Schultz,kmeus4@upenn.edu,4
Alison,Reichert,jtreleven5@nhs.uk,4
Oleta,Abbott,dpettegre6@columbia.edu,4
Ewell,Mueller,ggude7@chron.com,4
Demetrius,Corkery,nloiterton8@aol.com,4
Eleanora,Price,umcgourty9@jalbum.net,4
Marcel,Jones,acharlota@liveinternet.ru,4
Assunta,Rath,rhallawellb@dropbox.com,4
Trace,Douglas,lgribbinc@posterous.com,4
Enoch,Lynch,mturleyd@tumblr.com,4
Jeanne,Halvorson,kminchelle@qq.com,4
Trycia,Fadel,dpierrof@vimeo.com,4
Bradford,Prohaska,vcholdcroftg@ucoz.com,4
Arely,Skiles,sberminghamh@chron.com,4
Gust,Purdy,bleveragei@so-net.ne.jp,4
Lenna,Renner,aeatockj@psu.edu,4
Doyle,Ernser,ckensleyk@pen.io,4
Tressa,Weber,froachel@howstuffworks.com,4
Felicity,O'Reilly,beykelhofm@wikispaces.com,4
Jocelyn,Schuster,brickeardn@fema.gov,4
Edwina,Ernser,dfundello@amazon.co.jp,4
Griffin,Braun,lgronaverp@cornell.edu,4
Piper,Schowalter,fokillq@amazon.co.jp,4
Kody,Terry,xisherwoodr@ask.com,4
Macy,Greenfelder,jissetts@hostgator.com,4
Maurine,Stracke,kdulyt@umich.edu,4
